textid,Words (split by space),anger,disgust,fear,joy,sad,surprise

1,senator carl krueger thinks ipods can kill you,0.11761818305142314,0.1471239285207068,0.07054512723232094,0.1288236488442872,0.19287881006894136,0.3430103022823206
2,who is prince frederic von anhalt,0.10551480435762857,0.17288173836407328,0.07277380393071896,0.14343395731690306,0.28753417550116855,0.21786152052950755
3,prestige has magic touch,0.0,0.0,0.0341124918645478,0.3774254032997447,0.19263261073535806,0.39582949410034945
4,study female seals picky about mates,0.05387241501825582,0.07291583998897586,0.05649046212106924,0.43109556148292494,0.06327867122797111,0.32234705016080295
5,no e book for harry potter vii,0.07831999634875313,0.06401212939664155,0.074167625328411,0.2800348145107703,0.2005954466483486,0.3028699877670754
6,blair apologises over friendly fire inquest,0.09743746176169897,0.061182707538590723,0.2607934979209203,0.01293221493346257,0.4218819520935452,0.14577216575178215
7,vegetables may boost brain power in older adults,0.005188473073377177,0.0032710023351341776,0.11623005881457368,0.40601789653791903,0.02554180714777903,0.4437507620912169
8,afghan forces retake town that was overrun by taliban,0.11799363472097309,0.035510980991927045,0.31335114640320155,0.0661686657736789,0.3594884653958256,0.10748710671439385
9,skip the showers male sweat turns women on study says,0.015083305360396638,0.1411357608099183,0.009784003870236369,0.13975991986560585,0.01204217125840169,0.6821948388354412
10,made in china irks some burberry shoppers,0.10866533358046003,0.09475265782185567,0.14490810373716803,0.27186878750741783,0.10971693906049365,0.27008817829260473
11,britain to restrict immigrants from new eu members,0.11463307790062498,0.04105253652274186,0.25486471132360566,0.23818693868100246,0.22282918614703398,0.12843354942499088
12,canadian breakthrough offers hope on autism,0.09173368504865922,0.010640793287303087,0.15278201021962912,0.2916264329310769,0.10624535445983962,0.3469717240534922
13,russia to strengthen its military muscle,0.13765245519331962,0.084290395082506,0.3166428333037091,0.15219318091528744,0.1604813550192877,0.14873978048589018
14,alzheimer s drugs offer no help study finds,0.13801095320828377,0.07979273634407907,0.14810302731792593,0.2416220611704951,0.20816966130980039,0.18430156064941564
15,uk police slammed over terror raid,0.14495744558517445,0.11729814677355474,0.4002876051737392,0.0747328405821022,0.18949484661611596,0.07322911526931343
16,no rejects police state claim,0.17101367074964655,0.11184842922420878,0.3890427396901723,0.07978266637252407,0.13005308368645102,0.1182594102769974
17,oprah announces new book club pick,0.05411355916177476,0.09401449503062657,0.08128287517801218,0.43768297509013393,0.1322329947353952,0.20067310080405737
18,smith can t be buried until hearing,0.08148436081420068,0.0247714588538795,0.1369059684957895,0.06536036585370553,0.31745170921213484,0.3740261367702899
19,african nation hopes whoopi can help,0.04403586668933937,0.014099538563526387,0.14620673726740802,0.28442270612952414,0.2065223754482494,0.30471277590195267
20,tourism lags in bush s hometown,0.07267131846132657,0.05080925745360759,0.11942944187911422,0.48209714892106664,0.06912435084972797,0.20586848243515693
21,air france klm profit rises,0.08606146695112038,0.024023150116624807,0.07069725369161364,0.5207939346049069,0.07092275479450019,0.22750143984123422
22,au regrets sudan s expulsion of un envoy,0.1295208124266466,0.022994168607155967,0.05087019712057244,0.16561179237836188,0.13293201344756256,0.4980710160197006
23,taiwan s mr clean indicted steps down,0.06606733715411528,0.02185627773244686,0.1818147450883841,0.09439968566146557,0.3836857494112892,0.2521762049522991
24,martian life could have evaded detection by viking landers,0.11369002929746612,0.003707371826490129,0.06638592545052303,0.01791365466250167,0.13172731668412854,0.6665757020788905
25,turner pays for boston bombing,0.10713791652409256,0.07909200310061695,0.2869478708561047,0.15995928632595885,0.21804261885911186,0.14882030433411506
26,serena misses bangalore tournament,0.0,0.040528420447750756,0.05711667489883391,0.0,0.5103348151665278,0.3920200894868876
27,attorneys point fingers in fight between ryan o neal and son,0.07469943296378002,0.05523918555460678,0.11302557929785534,0.37815658450466644,0.14615785895826722,0.23272135872082414
28,pledge i was abused in frat hazing,0.040464922580175096,0.04463316424484408,0.17930112733907738,0.2026421643275382,0.1308409055374888,0.4021177159708765
29,whistle blowing web site exposed,0.155549917834749,0.12263185878564484,0.21994033637703367,0.09318220947883864,0.1732268177959057,0.23546885972782816
30,growing unarmed battalion in qaeda army is using internet to get the message out,0.11441500518346699,0.08967031160012956,0.2187676016368232,0.2807979618474484,0.14511664264735374,0.1512324770847781
31,royal rescues presidential hopes with commanding performance,0.02347499175559701,0.033054545952189186,0.058400988789362535,0.5649266432223213,0.07480269193411179,0.24534013834641824
32,minister slams airlines on carbon,0.10953734615904964,0.10270131375502421,0.1963135353262302,0.17464000653213615,0.20536655845621268,0.2114412397713472
33,audio slide show a love story lasting years,0.066535162453032,0.04938289531627367,0.09917987831382098,0.2640322076061616,0.24262634610523173,0.27824351020548
34,fully cooked chicken strips recalled,0.11227946368388723,0.028114777706445365,0.3088134369161634,0.21054645030002533,0.1278142889276886,0.21243158246579014
35,madonna adoption bid approved,0.0,0.016471998949795622,0.016168259095736423,0.6145270310475781,0.028916804483637672,0.3239159064232523
36,rowdy fans ejected from the open,0.06684941795113769,0.008606294321949023,0.047835482554960555,0.5554965060517353,0.15454559933100306,0.1666666997892144
37,snow wreaks havoc in east midwest,0.10023848730574896,0.031758815097375936,0.29423964568580246,0.08151023949071556,0.1755911585908249,0.3166616538295323
38,the energy challenge exotic visions how to cool a planet maybe,0.09422153628917139,0.12379922677408718,0.2024402828343567,0.18785212471221302,0.11038222226734754,0.2813046071228241
39,libby defense upsets judge rests,0.23399946351228418,0.14981032577464795,0.09044025626666749,0.07260925366986125,0.06594896581830988,0.38719173495822934
40,briton admits u s bomb plot role,0.16536504742036587,0.1707436745487814,0.32591189591513087,0.07476182793193323,0.18766658644549652,0.07555096773829201
41,routine mission turns into hunt for missing comrade,0.023816700898831273,0.007129042014614348,0.19574244201180788,0.3366716588106269,0.19526307239748109,0.24137708386663856
42,ex suspect slams anti terror laws,0.10238667015570979,0.05447725844523369,0.3620451579446963,0.20019972508308587,0.13036248371041584,0.15052870466085846
43,federer overcomes a ragged start,0.014482036684826324,0.013388602586689655,0.028098306034429834,0.4853001694549326,0.07372846931291219,0.3850024159262093
44,investigation of child porn site hits nations,0.20325672566533576,0.24782133551088312,0.1304691478580711,0.049276300564828276,0.21277817700443993,0.1563983133964419
45,bangladesh ends curfew amid unrest,0.06467730401490455,0.07542990580738243,0.10776855781483471,0.01075260179247788,0.2629812130067093,0.47839041756369116
46,sarkozy comfort zone offers a royal opportunity,0.07069796147064884,0.03639399507766398,0.08051667395166838,0.4235218102471483,0.0633607665878216,0.32550879266504895
47,sick hearts switch on a fetal gene,0.038177937827712234,0.06695933162137052,0.057832275595033095,0.3795406228571973,0.08348019720336987,0.37400963489531713
48,chinese president arrives in mozambique african tour nearly over,0.0017267901946649397,0.02022459671833484,0.0086339509733247,0.6136669725929792,0.02358025995393312,0.33216742956676326
49,homemade bombs kill on indian train,0.12977610815533486,0.08801067251858039,0.24557408790163635,0.029752001340229716,0.3576914622125554,0.14919566787166338
50,france rejects rwandan investigators,0.18467178318779534,0.10462237635530137,0.251942969615827,0.09742875375658146,0.2069937279137094,0.1543403891707854
51,at libby trial russert of nbc gives and gets,0.11281713903013232,0.06934494748063781,0.09444893128050152,0.34361857857301503,0.10265825385833684,0.2771121497773765
52,rare optimism as north korea talks reach crossroads,0.07014845412437583,0.012509283167983762,0.1839782517280497,0.32881832287376683,0.18163232048083472,0.22291336762498914
53,for women nothing s like the smell of men s sweat,0.005188552053928221,0.1738796878476452,0.013931610642599273,0.14977708820910418,0.01379402831834464,0.6434290329283784
54,reports harvard set to name first female president,0.10636042080734492,0.03425276203919585,0.06825399280604254,0.37575136232271766,0.05676755339612829,0.3586139086285708
55,justin timberlake cameron diaz announce split,0.03737102640165186,0.0,0.07474205280330372,0.0622850440027531,0.7301489866791422,0.0954528901131491
56,hastert sorry for scandal but not quitting,0.09874557001741505,0.18696377615545812,0.017627634688135097,0.2447890046877858,0.2304698052178846,0.22140420923332138
57,world s oldest newspaper now exists only online,0.15167371442095565,0.12927409509528368,0.15953755035767178,0.14130638037457482,0.19882080068924257,0.21938745906227156
58,houston she s got some problems,0.03622085220729606,0.034507359225036796,0.06571719461198579,0.39889015751461665,0.08515555602990639,0.37950888041115827
59,firms on alert for letter bombs,0.024303184941740344,0.01203497830014218,0.22421864443320624,0.13291033273876132,0.0988233043592926,0.5077095552268573
60,study africa s internet gap getting wider,0.16160006075394817,0.1221621397223671,0.18420851628807902,0.12776109771403663,0.24116227837185178,0.1631059071497172
61,siesta cuts risk of heart disease death study finds,0.07506791062841818,0.044669686731825226,0.13245628131196804,0.38742456014261656,0.1145656144796791,0.24581594670549292
62,spain ahead although nadal is out,0.02163962497222737,0.017008733699234252,0.15630365946100155,0.48354112668466115,0.1823020133843841,0.13920484179849155
63,runway making good without making nice,0.03927640362657211,0.0422241807152686,0.020821095633155543,0.49439752082784516,0.10204924885795026,0.3012315503392083
64,russia plans new icbms nuclear subs,0.13642275768193574,0.08736076534344923,0.32062623537899304,0.11873224740830729,0.10294083345247537,0.23391716073483923
65,no buyer in sight for napster,0.13905168479800445,0.10654043333856122,0.1391570160086184,0.11674818426589964,0.22849977116683276,0.2700029104220836
66,outcry at n korea nuclear test,0.08016806838131513,0.03350724757114162,0.2975817012686116,0.29929458148586274,0.14669717216468398,0.14275122912838487
67,ipod good for video games,0.010349024251085642,0.029026087391442763,0.01755950418679616,0.5739458352967258,0.05522998501404374,0.31388956385990596
68,taking the plunge,0.022699953792653906,0.02716901628798808,0.16455086195360755,0.33973058914723175,0.05505647790000718,0.39079310091851155
69,england include giles in wc squad,0.036625430352620864,0.037876470183386274,0.23101760014738312,0.08066626566753173,0.48992287170760895,0.12389136194146899
70,beyonce copyright claim rejected,0.05913352103918429,0.04192777730832999,0.05755834055812567,0.18312482737716698,0.12162256834964366,0.5366329653675495
71,london market a shopping dining haven,0.0762147022063684,0.07323137146180198,0.1333082551589972,0.33410233575675685,0.19394878606351748,0.18919454935255808
72,pm havana deal a good experiment,0.18428784083802188,0.11122253725639542,0.050980217512625436,0.29593226579205684,0.1715002305942995,0.18607690800660104
73,dozens killed in baghdad bombing,0.10793779974895254,0.06638518579137993,0.27409527433391806,0.06206354982014964,0.38624570040700157,0.10327248989859818
74,damaged japanese whaling ship may resume hunting off antarctica,0.07640999428430184,0.03619483482202489,0.16879888903611595,0.24808124809992965,0.3038236991336851,0.16669133462394262
75,un nuclear watchdog slashes iran aid,0.20600376381912805,0.06426495592984571,0.32059083785378323,0.034468402627290874,0.24173511962231706,0.13293692014763506
76,toyota s scion parks in second life,0.071804692654314,0.0597013423671739,0.11003639994288439,0.32366062218889446,0.18989359762957342,0.24490334521715967
77,telecoms giant slashes jobs,0.0,0.0,0.11903226496872708,0.0,0.5914446462542539,0.28952308877701916
78,canete wins inaugural joburg open,0.0,0.0,0.006653955289934374,0.8488375414977033,0.0,0.14450850321236236
79,yahoo s mission quest,0.08818075445194958,0.08234155503922183,0.14394748361496384,0.3025742527830499,0.19258618289522525,0.19036977121558954
80,weekly nielsen will lost find its way back,0.0985664378657717,0.03928164930090496,0.16116296815066108,0.21876640055223426,0.29946270421806476,0.1827598399123632
81,u s online love brokers eye china,0.1410070155504184,0.08809764262497637,0.20193977072263405,0.13913935505261804,0.3080731142959217,0.12174310175343149
82,amish schoolhouse torn down,0.10218640500212205,0.015568580259042914,0.23581209596783764,0.03381993199314615,0.3986434595322222,0.2139695272456291
83,china cheney shores up the trilateral alliance,0.10042559104994842,0.03404980483198541,0.148455723469133,0.38179305031758015,0.07739044939167206,0.257885380939681
84,g yen skates by yuan singled out,0.10944571056397899,0.06441267395653459,0.1878186444318429,0.07469498346501428,0.3368071034517447,0.22682088413088441
85,friendly fire pilot experienced,0.04411300375407019,0.07774580804613289,0.3423541589964565,0.000706235584270205,0.2282640062137344,0.30681678740533574
86,updates on world s top stories,0.010767905749463118,0.001973646725840938,0.5856324669059277,0.05178252360806623,0.020565867315927758,0.32927758969477433
87,diplomat acknowledges us arrogance in iraq,0.21584610968003395,0.07198743362280757,0.26447325159360213,0.03096497389084812,0.37114622248822343,0.04558200872448475
88,madonna s new baby s daddy didn t realize adoption was for good,0.04722754683547861,0.03771568120348142,0.06512541996997742,0.42203437983933345,0.09008679177796172,0.3378101803737675
89,appeal by chinese researcher for times may soon be heard,0.05079580206966388,0.031966334206366624,0.08936942660200932,0.42033040408839684,0.17503743643165082,0.23250059660191244
90,snowbirds shortening their florida stays,0.047156771500810594,0.047156771500810594,0.08351834324929451,0.23921664968673828,0.47830318966142815,0.10464827440091785
91,oxfam action needed for chad,0.012395542116109732,0.012596934486430955,0.02513099711331759,0.4582666683002908,0.02850199474079887,0.46310786324305214
92,bush adamant on troops to iraq,0.1902881989373877,0.15041299965559488,0.309746475346247,0.05524751477053195,0.25847687652189094,0.0358279347683477
93,ukraine gas deal marred by fears,0.1349435665580315,0.06495315341796536,0.21079943214431038,0.2937771963575763,0.13879130381553917,0.15673534770657713
94,shoplifters choice police or t shirt of shame,0.06741740844766246,0.03360066557678269,0.3056070702977054,0.17575052523937013,0.08789275201482169,0.3297315784236577
95,travel chaos as heavy snow hits uk,0.03911283461500322,0.026147704931834447,0.27939481201825583,0.21626936528523313,0.26026725760852,0.17880802554115333
96,tow truck drivers accused of stealing cars,0.030200317653884593,0.03702041413194794,0.09110350477700613,0.6001611765931097,0.1377880971659057,0.103726489678146
97,joseph wambaugh s new start,0.008744955205890765,0.011090803406503836,0.11089701025411718,0.558108184919112,0.0818866165922487,0.2292724296221276
98,human error caused helios crash,0.08921820541134946,0.056118088645732256,0.11096431947976505,0.02148589096937295,0.6013843125364596,0.12082918295732073
99,charts is your city lean or lethargic,0.03613131691518429,0.04031801583762834,0.11376800424923436,0.2993601779082934,0.08414771046372418,0.4262747746259353
100,st louis poised for entertainment upswing,0.011282893224569306,0.00915107573765748,0.02529309058380987,0.699931269127427,0.02370816225140705,0.2306335090751293
101,ivrea journal in italian town a civics lesson from pelting neighbors,0.0875124725123478,0.022132400987986897,0.29778398133043554,0.1986363820529649,0.28530728608896955,0.10862747702729518
102,review virtual american idol hits right notes,0.004406892920982208,0.003063698783760927,0.00147891170827601,0.6284044265444587,0.012779395938090278,0.3498666741044319
103,squadron apologies over friendly fire death,0.09951973626924292,0.0780575184161862,0.2458723293611357,0.015383357097594856,0.38387976372965565,0.17728729512618474
104,the breast cancer breakthrough saving women a year,0.05313622864741216,0.029601922732130213,0.10987216097822985,0.42156426905927163,0.11877296283390916,0.26705245574904707
105,abbas rejects temporary state,0.18273498281963307,0.13192147240656776,0.39813607017735714,0.018588675101256977,0.16022156709391647,0.10839723240126857
106,iraqi forces detain official suspected in shia conspiracy,0.12596431474560146,0.09128815770266428,0.18757337532104218,0.09409681275437781,0.37864684435189927,0.12243049512441492
107,congressman rebukes u s allies for lack of support in afghanistan,0.13791104278175428,0.06627233992064319,0.2302178930868311,0.2070984293840871,0.23635323964237484,0.12214705518430954
108,easy ways to really save,0.033421900512757924,0.02577109400430916,0.10564573967745246,0.35107335493416875,0.04862273721713777,0.4354651736541738
109,real suffer carlos injury setback,0.0,0.0,0.0,0.6807438551054392,0.059423313062578025,0.25983283183198275
110,marijuana may stave off alzheimer s,0.023715276880980223,0.0,0.16118636751226617,0.44182336458044497,0.20470092532217654,0.16857406570413205
111,smokestacks in a white wilderness divide iceland,0.05564490151056302,0.11886653817855401,0.09370919145730594,0.3274396613202615,0.16871290031117392,0.23562680722214163
112,paris journal smoking no longer tres chic in france,0.13873254285828487,0.09940375174032993,0.17189681479179172,0.17694889023657154,0.2101087757972143,0.20290922457580773
113,cher s dress car bed have new owners,0.03327454403409518,0.029467608653676015,0.17796868236777694,0.2791031232124561,0.2045968458984261,0.27558919583356967
114,hungarian opposition calls for vote after violence escalates,0.21522589366238973,0.09306622186461082,0.3182670028583305,0.05653511344329533,0.24045385448151266,0.07645191368986101
115,freed kidnap suspect my terror at police raid,0.14065255866608128,0.1270562211977785,0.4802211378926184,0.05357120212004464,0.13890416762163357,0.05959471250184368
116,rockers big winners at brit awards,0.033561068640529934,0.02382457438649681,0.09266515921747542,0.4585694207518111,0.0972014673537921,0.29417830964989466
117,cia leak trial summary,0.0995359638720748,0.04117307781399554,0.28076271923655927,0.15462984923444523,0.2447932655127907,0.1791051243301346
118,experts issue new heart disease guidelines for women,0.052928730826630896,0.02461943525782816,0.20687192726940462,0.24699803578129903,0.10990259964266659,0.3586792712221707
119,in god s name religion based tax breaks housing to paychecks to books,0.09943476907688781,0.025447685886691877,0.1707006495709776,0.25266646589067276,0.11245729757235173,0.33929313200241823
120,snow causes transport chaos in britain,0.04181479555388432,0.012819454944266794,0.37988215400870096,0.04561657810606732,0.3831154272660542,0.1367515901210265
121,injured sarwan to miss one dayers,0.032882623260440745,0.012221939402465652,0.11326625339045074,0.40462383128076995,0.054729915532623206,0.38227543713324974
122,study napping might help heart,0.022844486900846266,0.013350468724767153,0.06552284040595592,0.44403752510244615,0.052170280630534784,0.4020743982354498
123,tailors and housewives busy as muslims celebrate eid,0.03504927222019822,0.006407109860204566,0.08654092718665074,0.610139557941117,0.10539321222803656,0.15646992056379294
124,malaysia aggressively wooing tourists,0.027074439165323684,0.0054506296669463526,0.4170178468137479,0.0,0.4661033515115085,0.08435373284247337
125,creating a whole album in a month,0.06373298875415596,0.08740106172442977,0.08743725771207268,0.2597157898772188,0.1744857039593429,0.32722719797277994
126,wellcome awards anti fat research,0.057195443333149056,0.1856428455521409,0.09932183243299735,0.24733566231890305,0.20706541050436614,0.20343880585844354
127,can t do this anymore not jack,0.10879969021095784,0.055358444323844784,0.09790492603168709,0.33137897003409783,0.1932748253336581,0.2132831440657543
128,iran s boast on uranium enrichment is put to test,0.11625523882048586,0.041869643132436324,0.3587857629374992,0.09442581086803628,0.10990881445563763,0.2787547297859047
129,iraq closes borders with syria and iran,0.14068973659050776,0.0665975372230835,0.2435395455632906,0.2617512650962139,0.14264578192136537,0.14477613360553881
130,in clue to addiction brain injury halts smoking,0.04486734651352713,0.006194435760495312,0.14039000300045198,0.33845462778373364,0.12313994065893263,0.3469536462828593
131,manning inspires giants to victory in dallas,0.06275307959388504,0.05439442127297667,0.06709865358269837,0.5147598213867264,0.13604429117716216,0.16494973298655125
132,research supports medicinal marijuana,0.0,0.0,0.0,0.6688467969273266,0.0535161990229311,0.2776370040497423
133,iraq insurgents attack us base,0.1919034199035045,0.07587243086214672,0.2972894788081409,0.05628373667931413,0.3390336446221392,0.03961728912475454
134,fire extinguisher part of tennessee execution kit,0.09288888893596592,0.07465410263895378,0.25057323325036013,0.014133587504307968,0.35284392106041035,0.2149062666100019
135,city sets up ice storm shelters,0.020718969885295715,0.003834534323746126,0.25565529158212597,0.40977406816579215,0.12534128007311718,0.18467585596992292
136,gently weeps lyrics sheet up for sale,0.04015468330065225,0.04703647523888244,0.14928035728143396,0.3706356494686091,0.12609727943868548,0.26679555527173654
137,cholesterol link in diabetes study,0.08033275048473928,0.0905446369586575,0.19949463285293934,0.1698976963355147,0.12562887474318873,0.33410140862496046
138,zoo polar bear to have root canal,0.0797210963972271,0.03674204070753535,0.14028238707952156,0.3199949711628429,0.15841757807064066,0.2648419265822323
139,howard slams obama on iraq policy,0.08482780209982692,0.046645095328038996,0.18151004599777928,0.3785136973969691,0.13269089204449008,0.1758124671328958
140,fight starts over hpv vaccine,0.08890144055932496,0.0389069535753512,0.16640358138115702,0.29647708839907216,0.17811940113125244,0.23119153495384226
141,obama announces presidential bid,0.016971290823671336,0.059360933856447404,0.015755973811298264,0.549300327567226,0.19396069465131374,0.16465077929004313
142,another death at georgia aquarium,0.11434075788576602,0.023824663796615124,0.06537558361424047,0.1757411464047905,0.4540600282438383,0.16665782005474963
143,johnny depp to make movie of spy poisoning,0.003929387279696938,0.027212786243383077,0.06304322420904628,0.7121258897036651,0.03396476787692902,0.15972394468727963
144,pap test a mainstay against cervical cancer may be fading,0.08275656564802064,0.0270101657249773,0.15460251915492093,0.3020207518299557,0.23102811763967404,0.2025818800024516
145,boy allegedly told to kill by mom gives up,0.08613078949686834,0.0818314002502441,0.2431490024409552,0.031743448852958045,0.31713366746098387,0.24001169149799048
146,catania punished for fan violence,0.11696840359808991,0.08923471727318075,0.12548361558469628,0.2178388390487387,0.25806410858574885,0.19241031590954547
147,the summit a slap in the face of the palestinians,0.02946096482492403,0.05862509854170861,0.18066645536073092,0.2889275275954209,0.07222783712953518,0.3700921165476804
148,dead bachelors in remote china still find wives,0.03910606261262868,0.01827367692656521,0.20814720264693226,0.16686810014288184,0.3527338353920496,0.2148711222789424
149,boy missing since found alive,0.019481070329288724,0.01584091070842652,0.11994245846760827,0.3585535550281182,0.14156739340143218,0.34461461206512617
150,girl left comatose after dental visit dies,0.022230390148995385,0.012543935083737653,0.1526158376026352,0.14093277040414434,0.49152161546740614,0.1801554512930813
151,fine wines in british columbia,0.045480234778105394,0.04048550161337587,0.28805641834716333,0.22067714048577247,0.19477725219414588,0.2105234525814371
152,bollywood s brangelina engaged,0.08818075445194958,0.08234155503922183,0.14394748361496384,0.3025742527830499,0.19258618289522525,0.19036977121558954
153,north korea ready to discuss nuke disarmament,0.041886933363963645,0.012846909809186654,0.2989054197856456,0.41298558528141216,0.079552871002042,0.15382228075775004
154,action intensity boosts vision,0.0,0.06022598631254078,0.0027642354331772314,0.3021188461184754,0.016671573387944,0.6182193587478626
155,stonehenge workers village found,0.03696200622842491,0.07027302056710233,0.0787370844638885,0.28722921838890914,0.10864790596561436,0.4181507643860608
156,scientists tout cocoa s health benefits,0.05266053619639288,0.039500922428835225,0.14370595174271084,0.32763032416377597,0.11724836591231326,0.319253899555972
157,can north korea be trusted,0.05658807665767405,0.02061386345709502,0.21531817117964705,0.34958206292501065,0.10770707381376979,0.25019075196680346
158,trailblazing trio protects city by the bay,0.09494635727499576,0.04920708647479249,0.11783095646123985,0.32273543038829816,0.12203539894097154,0.293244770459702
159,ganguly handed india squad call up,0.06405530698540102,0.013234688245284046,0.1051975448830394,0.40518104848626874,0.14636428624151843,0.2659671251584884
160,beauticians cut curl offer stroke prevention info,0.03649229190701846,0.026345945333577616,0.27029391140675674,0.2237434231828432,0.2032262279976625,0.23989820017214156
161,studios sign off on movie downloads,0.0362924542111296,0.018819427001188653,0.1543506478523654,0.47808749499840886,0.1796248306508985,0.13282514528600917
162,global web of suspects in child rape download,0.1639546434093087,0.1295947534385824,0.17932117718899385,0.09913258772365567,0.24503447561682043,0.182962362622639
163,libby prosecutors await judge s rulings,0.2467942755926611,0.1620488291453526,0.10128197718012333,0.10089477549023465,0.10485193372241523,0.2841282088692132
164,police probe church fires half mile apart,0.13559686523195255,0.11070342373704978,0.24569139312469337,0.12354850055481764,0.31820271853975163,0.06625709881173505
165,second hanging also went awry iraq tape shows,0.14341612427767692,0.1346637791733047,0.2317711636754661,0.1459247543787846,0.1658589506619413,0.1783652278328265
166,stepping back in time at ski resort,0.1077877648193859,0.09108720247710227,0.1798875423834611,0.3045035567450865,0.1720762328835833,0.14465770069138092
167,iraqi journalists add laws to list of dangers,0.1514649234011991,0.07581916191392346,0.2191344662678192,0.16049248478702177,0.1991704047070382,0.19391855892299845
168,boy scouts blamed for starting wildfire,0.0699827858098599,0.03264764502277097,0.21071503539163652,0.1375955545632229,0.33192116329513827,0.21713781591737155
169,report links humans to global warming,0.14948533023584312,0.11502035555531712,0.13879912526043556,0.18700591484072682,0.30181417349063644,0.10787510061704095
170,stenson defends his title at dubai,0.025376666780749603,0.014030728725085786,0.05794763679318173,0.6533975290130178,0.11758309816408558,0.13166434052387935
171,iraqi linked to sunni bloc is held in plot military says,0.14516419518414922,0.07370910851600071,0.24764554375681355,0.1788973543469514,0.18637580702749684,0.16820799116858828
172,china launches two satellites into orbit,0.08519371926433067,0.03672465630113049,0.061029412014622364,0.3773180739848647,0.08931920175605777,0.35041493667899404
173,north africa feared as staging ground for terror,0.08230804198914557,0.03306625222518598,0.3134555513708987,0.20668128676340722,0.23868830912685202,0.1258005585245105
174,breast cancer drug promises hope,0.011483237102951706,0.0,0.11465739106043388,0.44260694592729505,0.10215948535369562,0.3290929405556238
175,mortar assault leaves at least dead,0.07873239087225889,0.018093901609006115,0.2778908191259007,0.05337265937149744,0.4499973749350627,0.12191285408627414
176,building a memorial to a son one child at a time,0.07174470047108732,0.0797175267715769,0.10525321607405752,0.2725058902178549,0.18428308919537992,0.2864955772700435
177,northeaster cancels flights shuts schools,0.11054078074971714,0.07477320576741193,0.40786982756828305,0.0,0.31175662124127407,0.09505956467331375
178,india to test new nuclear missile,0.15764215977445764,0.05069025197140914,0.2725494833674155,0.24542178309588103,0.09036446958266839,0.1833318522081682
179,dell to cut bonuses trim management,0.046518120621932675,0.006558685316731115,0.10656387694207956,0.41079138011647864,0.1569847591338548,0.2725831778689232
180,uk workers on alert for letter bombs,0.05926249801924134,0.10170669856084165,0.22090410893297344,0.15631762243320196,0.12792799788735165,0.33388107416639
181,storm leaves behind major travel troubles,0.05687006632152098,0.027719462538077937,0.4126042691488546,0.14518997053836907,0.2565361375398863,0.10108009391329106
182,rupert murdoch s secret tivo,0.04844716228327141,0.01238927118169508,0.06402206334287727,0.0859358100344205,0.29498751716616983,0.4942181759915659
183,house passes anti terrorism measure manila,0.0677050693633553,0.028200196393349565,0.12174510855452561,0.3397629143073932,0.26157049830619006,0.1810162130751863
184,genghis khan beer mongolia grimaces,0.2431874214348158,0.11428046818884054,0.06253039904527637,0.21326720087217355,0.2707973124487939,0.09593719801009996
185,youtube founders split m payout,0.029233063595244562,0.04230397003573479,0.0502391359410452,0.2954554398288565,0.19404409248792706,0.3887242981111919
186,former teacher poses for playboy,0.0869116578784868,0.030912365244883427,0.2360298261878426,0.2999495214822208,0.23112590912849018,0.11507072007807626
187,madonna files adoption papers in malawi,0.0031297532738321903,0.0009969613173904234,0.009032364480757291,0.6314740149352095,0.014869301963802576,0.3404976040290081
188,eye on cosmos is lost to short circuit on hubble,0.07255954175492389,0.08353795916145518,0.13923550882234556,0.38243289743309344,0.10156444125470465,0.22066965157347732
189,all african amputee football games kick off,0.010734658153655112,0.0,0.0415359408530059,0.5580596053687747,0.07414917943945151,0.31552061618511257
190,forecasters expect toasty,0.056037275788405894,0.24888687389497052,0.34339435677487834,0.2174900639661055,0.05206570098458582,0.08212572859105395
191,corn stoves popping up in u s homes,0.10634575461048121,0.02074025556508283,0.27125034202394704,0.13975675156590278,0.24300814822325686,0.21889874801132927
192,chvez threatens to jail violators of price controls,0.172913335445275,0.07976840899237843,0.11207634560335566,0.2994086094452467,0.10858947913310554,0.22724382138063856
193,scientists discover miracle in the depths,0.03626773140602236,0.030868691786095446,0.11051874838289306,0.3839835683500377,0.07796558142435053,0.36039567865060074
194,google unveils do it yourself search engine,0.05758546775094581,0.04837740212735026,0.19635302495386,0.1849321240345657,0.19895086310602325,0.313801118027255
195,ready to eat chicken breasts recalled due to suspected listeria,0.12049195093319677,0.031635478104687934,0.27065909911854663,0.33129738496011063,0.08985181563300959,0.1560642712504485
196,teen allegedly armed by mom turns self in,0.1414497655260795,0.08182510417119915,0.1507545765915554,0.04639242358345973,0.2898322182841228,0.28974591184358345
197,town packs gym to mourn killed in fire,0.07972532829767,0.02030040254622891,0.3071794166775565,0.055171173082439594,0.45099151670826026,0.08663216268784461
198,cocoa could be antidote to age related diseases says new study,0.04997383114551879,0.0314839684502382,0.16178705785903497,0.1897296410718004,0.3679193126112175,0.19910618886219023
199,roundup protests erupt despite state of siege in guinea,0.10322050587524036,0.06724823032350077,0.46539564162438796,0.026944410533044253,0.23097215000775853,0.10621906163606826
200,bush authorized iranians arrest in iraq rice says,0.19858108793911078,0.13791921517774597,0.2605948404221184,0.02291001726655702,0.3106504391802575,0.06934440001421033
201,anglican and catholic churches could merge,0.039050724815451736,0.011075859832442662,0.04936942788758343,0.4961683622507822,0.04559147972637416,0.3587441454873658
202,cousin gunman was srebrenica survivor,0.0692414158323726,0.05769067664682163,0.19693380898929427,0.12159142912520157,0.211601988187234,0.3429406812190759
203,australia tells bush to speed up guantanamo trial,0.11082973331593998,0.041438713827600504,0.1985954760119856,0.21623898622323048,0.16162776018471475,0.2712693304365286
204,european space agency,0.0,0.0,0.05696382929470656,0.04555488052971562,0.06870499773549535,0.8287762924400824
205,the secrets people reveal,0.03539408303555862,0.029273408516296746,0.1443981238724003,0.4175599394716934,0.12080460916971515,0.2525698359343359
206,news baby pandas baby pandas baby pandas,0.004403800966681398,0.018034902545986945,0.09878895775168996,0.12084419466880782,0.3840513093408502,0.3738768347259837
207,health canada issues advice on canned tuna,0.08356382165013934,0.042584679888503625,0.33113133076407314,0.2416279049447955,0.1276832250048549,0.17340903774763358
208,grammys ready to name winners,0.1302797321908308,0.039044047022608205,0.07136777406366919,0.46443489779590635,0.045372573632477514,0.2495009752945078
209,asean urges north korea resolution,0.044941519802520626,0.017601057709098554,0.1982358856846636,0.4393300796653257,0.08593348056649669,0.21395797657189491
210,rebels to join nepal parliament,0.20383915678136233,0.05615913374421935,0.2859487629345037,0.18513031072333924,0.13857189255182736,0.13035074326474796
211,rice u s won t pull plug on iraq,0.22412625849313486,0.07537004185114536,0.27671004387800696,0.15117563054764788,0.16608553947420326,0.10653248575586163
212,anglicans rebuke u s branch on same sex unions,0.15289744442768124,0.1154350975854947,0.22757317504131988,0.2060546640376728,0.1671447665143474,0.13089485239348395
213,somalia declares state of emergency,0.056621153844809965,0.035444341517117374,0.44782990447994947,0.0942948838529711,0.2261299803136728,0.13967973599147926
214,hussein co defendants executed,0.15618768291073032,0.167247831480672,0.12367855967689262,0.04647277843844136,0.37172575291883453,0.13468739457442933
215,james brown s year old son left out of will,0.023617127548273904,0.012499781436853463,0.06478713690901568,0.500199056407925,0.1811108670794674,0.2177860306184645
216,ms adds office to vista coupon program,0.05182029907584093,0.012849070739645587,0.04544255386228272,0.3044888996927464,0.17236615993413354,0.4130330166953508
217,britain to limit workers from romania bulgaria,0.056561488089549326,0.04452785692780277,0.17876183061142836,0.29162580584113074,0.21554733793195952,0.21297568059812935
218,us airways boosts bid for delta,0.02178407827391658,0.16224004771604789,0.0263508628822213,0.30764825244553046,0.057768630760032254,0.4242081279222516
219,hpv vaccination stirs heated debate in america,0.18119932707086686,0.06017558161440202,0.2019925644324431,0.12976746341477674,0.3092476343477195,0.11761742911979177
220,full recovery expected for marathon winner,0.015120200290213935,0.004024230959672594,0.11399687712216114,0.6463323978813972,0.1322898406527588,0.08823645309379637
221,beckham won t play again for real,0.10684838756869956,0.054401836497302486,0.08147524621297522,0.45952432032654633,0.10944192438803681,0.1883082850064396
222,cultural revolutionary the ipod is five,0.006416884709407052,0.03353788827090747,0.09754086287852214,0.5322305110372174,0.03949361936577737,0.2907802337381686
223,village buried by inches of snow,0.017378382742439927,0.011658725391551515,0.17712785158420247,0.20952261596815527,0.10914849065469275,0.47516393365895815
224,mountain glaciers melting faster united nations says,0.10376973515389401,0.04763239783638289,0.101503586281647,0.1909437128401331,0.31461911067134496,0.24153145721659802
225,ice storm smacks roads power,0.03320786011864638,0.02554061154859407,0.5105178001589025,0.05184855781440404,0.2612167338089954,0.11766843655045746
226,ex border patrol agent beaten in prison,0.20249155937028931,0.057178412132574415,0.12784567980028208,0.14252206349438956,0.16385450620798672,0.306107778994478
227,israel to install cameras to show live mughrabi footage,0.16307920021610034,0.09308725412937087,0.15153983768535131,0.2769511922998398,0.1232276566767984,0.19211485899253927
228,latest updates on world s top stories,0.010767905749463118,0.001973646725840938,0.5856324669059277,0.05178252360806623,0.020565867315927758,0.32927758969477433
229,lily allen wins web music award,0.0460272877578627,0.01282573096751721,0.07969511252863648,0.6008601615977632,0.03706876235104651,0.22352294479717383
230,rowling heartbroken euphoric at potter s end,0.011210322339120225,0.0013483169913699785,0.05182732994632241,0.17025752675739317,0.4854960195632901,0.27986048440250416
231,hamas fatah leaders pledge to meet until they reach agreement,0.06372265071839112,0.03607528023854267,0.25280131659247346,0.2840468187758519,0.14920084928056826,0.2141530843941725
232,new vaccine for cervical cancer could prove useful in men too,0.03318574639242936,0.05913085635115257,0.1220947195357496,0.268418299135442,0.13851034092366982,0.37866003766155654
233,mbeki world cup planning on track,0.05101926599668734,0.007953362863595265,0.2183606755387529,0.310300822559417,0.09068142310553742,0.32168444993601
234,money makeovers,0.047623275195234314,0.18814392197322405,0.24169241824095003,0.21240232517706803,0.1144109740354421,0.19572708537808142
235,punter charged with stabbing asks to live outside state,0.13844215624667575,0.07014188428472543,0.3057180212229368,0.07243206472700638,0.24288446944165262,0.17038140407700306
236,emi warns on profits boss goes,0.1831573308241587,0.08470186794609445,0.20043248345473322,0.2069771464186068,0.14308452872672225,0.1816466426296846
237,gunman fine before shooting,0.11122206519771041,0.07414396235424432,0.23320612456765163,0.05247466729851998,0.344072167694329,0.18488101288754466
238,svindal claims are golden double,0.12890437705014215,0.16163587606809293,0.18746056808512448,0.14565897121504062,0.2413901891725654,0.13495001840903445
239,ethiopia readies for millennium all its own,0.020335310750901874,0.011745937696267602,0.06468610740954046,0.5183515054608325,0.03595521409595771,0.34892592458649996
240,mancuso sparks u s celebrations,0.13100484287383443,0.026666370454879126,0.2637810083009088,0.22444389055107603,0.18817310598447115,0.16593078183483048
241,nasa spacecraft to measure sun,0.08331495147513164,0.041753378841589396,0.08015304981842085,0.29608179012996455,0.09160161091096974,0.4070952188239238
242,teen repellent inventor wins infamous prize,0.028823311848054152,0.01729916552056667,0.026092305516270977,0.6912482749950394,0.04368606078311091,0.19285088133695782
243,peron held over s rights abuses,0.32780272306418445,0.1015398178182567,0.18669567563016698,0.07323183919538385,0.1736030939947247,0.13712685029728333
244,kim jong il bans japanese cars in north korea,0.0597865602731199,0.040407527515736445,0.18142938958717827,0.3664410495078969,0.14082446179283148,0.21111101132323706
245,canadians tracked in child porn ring,0.16654092337754792,0.20808113351692248,0.19022138451108367,0.0953657627906525,0.16445895492130005,0.17533184088249332
246,ryan o neal injured son s girlfriend,0.04858927344727189,0.10412133576672089,0.05843700751717861,0.379296507587073,0.16801802775172686,0.2415378479300287
247,messi makes barcelona squad return,0.0,0.0,0.008826515085132268,0.7167836221497137,0.06854929279868141,0.20584056996647263
248,brith airways baggage charges cause confusion,0.09035791601865814,0.060239287714361905,0.04578586060051968,0.10840373500221678,0.07753751682386231,0.6176756838403811
249,a film star in kampala conjuring aminos ghost,0.11904153122539826,0.13512406269113786,0.0526460168617649,0.3716351808911887,0.07064950839723612,0.2509036999332742
250,opponent is put on the spot over remarks about clinton,0.01679068293523096,0.05883790534244178,0.08715566591535112,0.29882682152043444,0.11357216933675185,0.4248167549497898
251,apple set for massive market gains,0.13725893167085557,0.01486770717159361,0.09741487211015457,0.22598976905892448,0.21922786357982119,0.3052408564086505
252,vista s hyped security will be tested,0.040400130214044164,0.010599756466105567,0.1925943850329459,0.31903169896340755,0.26092299439011885,0.17645103493337796
253,dating difficult for harry potter,0.038100827709514784,0.08892799362343301,0.07204205538166362,0.28454232408750424,0.29474009371622784,0.2216467054816566
254,uk letter bombs may be from extremist drivers,0.04729423005229656,0.07396408077448663,0.12750986656922755,0.3763192084199192,0.12533928602688296,0.24957332815718697
255,bush vows cooperation on health care,0.1117598341760735,0.06099722287314128,0.1456749629714761,0.3261231904120877,0.11713284641710879,0.23831194315011256
256,baby born on turnpike after dad misses exit,0.07871570330010211,0.08844183193846719,0.20015773087090824,0.020635133974768256,0.4340555343009802,0.17799406561477416
257,parachutist dies at bridge jump festival,0.011720210130317084,0.0,0.13525467353871237,0.03177480077180049,0.5322267622843282,0.2890235532748418
258,citing spy agencies study democrats seek iraq changes,0.125636035568717,0.184898769455772,0.12855077160570152,0.07922720901490556,0.19390853891804716,0.28777867543685665
259,airlines uk airport runway unsafe,0.06371895516679114,0.07718064644577206,0.2465809278542586,0.12565567942888797,0.31022020643190334,0.17664358467238692
260,man gets second chance at space ride,0.07133940028427284,0.11159792145578215,0.1008619739043856,0.28284792960781757,0.1484914813291285,0.28486129341861327
261,archaeologists find remains of couple locked in a hug,0.03382400793234978,0.07894047060434346,0.038522909298644124,0.21931783754925385,0.20429531611193544,0.42509945850347347
262,study detects a gene linked to alzheimer s,0.09587720666433745,0.10598995925197423,0.12644210575797188,0.12100654945642804,0.1866816918957393,0.3640024869735492
263,weight loss drug to be sold over the counter,0.06902716087289586,0.055700033047864896,0.07279473303114713,0.2907171529741328,0.12528329300337301,0.3864776270705863
264,zach braff says he has mild depression,0.02830309076871186,0.01966422668089662,0.06173623816839974,0.3811472966172547,0.17400430431214522,0.3351448434525919
265,apple warns itunes users to wait on vista,0.10091424035414509,0.02586351470522802,0.028443498873268736,0.03989994837100327,0.2707787978829269,0.5340999998134279
266,guy sweat is babe magnet,0.0038759905673742905,0.08193403411234439,0.014829913569439539,0.18035487529779892,0.09185797548212206,0.6271472109709207
267,in egypt rice speaks softly,0.22991162769416768,0.19565398317310276,0.19719598068605945,0.05895064073842193,0.26802550730847763,0.05026226039977058
268,ex jonbenet suspect child porn case dropped,0.18051337434056638,0.17671238644454443,0.1304187062027702,0.07651503609265548,0.09556587417951372,0.34027462273994985
269,court tv accused killer tells jury a love story,0.08169246976017532,0.08633030563059843,0.06302473709999308,0.2206745437975092,0.3232997500684496,0.22497819364327445
270,us to urge nato afghan spring offensive,0.18548218204253966,0.06078112573831445,0.2970937186683176,0.13198617111923328,0.22020375135385226,0.10445305107774257
271,texan allegedly joined somalia rebel plot,0.15771351573724088,0.09024096270547437,0.16025138450753587,0.2805238304443912,0.14848020580229562,0.16279010080306205
272,tensions as hungary marks uprising,0.035408127067645546,0.020162272887296936,0.175786925362717,0.2533854203095632,0.3154495065349827,0.19980774783779467
273,idf shells lebanese army positions across northern border,0.20291812207737242,0.0803799085853659,0.27795944959531116,0.0775571975053917,0.27524088003275726,0.08594444220380142
274,north korea claims nuclear test,0.08422871947645491,0.04790543183842955,0.2476585129175514,0.3415114384217158,0.10010733322893259,0.17858856411691568
275,beckham to l a for the game not fame,0.025801436679797403,0.02153866867070826,0.10686085468851506,0.5400157092384922,0.10468103390847489,0.2011022968140123
276,hungary police tackle violent protestors,0.19431708808840895,0.14924625783280634,0.22066727029323,0.13744572011539385,0.20555516324285308,0.09276850042730772
277,arthurs upsets robredo in first round at the st petersburg open,0.0660578201004094,0.027176333839794602,0.09373482778301938,0.4954122559544051,0.06536665930885044,0.2522521030135212
278,brazil air force cites faults and confusion in fatal crash,0.07012949503016434,0.022445890720919532,0.1344134608201231,0.23342367996618366,0.3207868898185547,0.2188005836440547
279,war is close ethiopia tells somali rebels,0.14056635238140217,0.031996248546030816,0.29942416923605497,0.1547980140456155,0.22752524129518265,0.1456899744957138
280,democrats plot bush troop increase censure,0.2101142397845657,0.17535681790786173,0.24942347707521922,0.04103334668655156,0.1844918116274129,0.13958030691838896
281,bangladesh ferry sinks dead,0.06636009982834824,0.0013019510037291361,0.27505114632928246,0.045714273868296976,0.5035403180109349,0.10803221095940824
282,sale of chrysler possible,0.03284843063249478,0.04026654684683763,0.09909190993756686,0.4361642579093702,0.1498700379118536,0.2417588167618771
283,lawyer for deceased nazi era collaborator papon vows to bury him,0.1967969922788663,0.11811008578867653,0.14162764962137483,0.0892586875004353,0.33903425452211383,0.11517233028853317
284,mixed reaction to china s africa push,0.09924909377553395,0.0733553500728488,0.10760483569046456,0.3359346261302045,0.20530939257176056,0.17854670175918766
285,jon stewart mocks benefits of cnn s i,0.03427155937677635,0.03848841198909413,0.1198075177708206,0.36832703752238743,0.08648459399516185,0.3526208793457596
286,top colombia official resigns,0.0786104316646921,0.10948127774673957,0.2547844306607938,0.14061747771567762,0.26099481110191686,0.15551157111018013
287,toshiba portege r,0.19286587342303302,0.06632846478445713,0.3577852517218897,0.3596393466425214,0.020265137814469328,0.003115925613629394
288,luxury digs in south carolina s lowcountry,0.012469393711524316,0.011887190663781102,0.11708247732785476,0.36464609450818053,0.2637247433022886,0.2301901004863707
289,th person dies after receiving flu shot,0.01982629132437729,0.015915743611066152,0.1525245442021464,0.25390129471698863,0.3745881320585612,0.18324399408686054
290,bears watch as lead slips away,0.012402714156010675,0.020663980030868938,0.11399511165908659,0.579159694541746,0.10761623852863349,0.16616226108365442
291,jail me i ate ivory coast chocolate,0.11967215948178815,0.05725024144804806,0.07247133183593808,0.32831275140432753,0.13915985557569382,0.28313366025420433
292,teacher charged with sex assault,0.11521035307445783,0.19149164588829826,0.12318968591160008,0.12129538484606267,0.24723810223512208,0.20157482804445906
293,college tuition continues climbing,0.25267803402524563,0.016274465794313037,0.25267803402524563,0.0,0.36455179824244843,0.11381766791274722
294,matthews lays off turkey workers,0.03369539783528616,0.028176169238809327,0.14056303587863925,0.32880035547631764,0.23851244434697327,0.23025259722397426
295,space life search turns to tv,0.07692560030490272,0.07291736104197845,0.12175071389400459,0.21237768417100514,0.27613812693205725,0.23989051365605188
296,myspace welcomes french friends,0.055265848764420485,0.00995838990479092,0.027442291450171425,0.49025020058384366,0.055721966270503596,0.36136130302626984
297,hackers attack root servers,0.24012485840037995,0.1408798867194964,0.27136011786049097,0.027260976087186025,0.1892378497149543,0.1311363112174924
298,ice storm coating midwest,0.03892634223947181,0.008994061049886709,0.5111258984836068,0.05205192226533494,0.2630930196741928,0.12580875628750696
299,gop senators to force debate on troops in iraq,0.26758273555180867,0.09644410254076545,0.23242873869642056,0.07541797448717501,0.26379047804397227,0.06433597067985802
300,ex teacher guilty in nude pictures scheme,0.07860046903913731,0.05159679303966121,0.20012154872981364,0.05972974334663214,0.23571202756970278,0.37423941827505286
301,years on but couple still hugging,0.05022871721369846,0.0356823082956718,0.06550119293171904,0.4032364591623876,0.1373112859053656,0.3080400364911575
302,pats fourth quarter rally finishes chargers,0.24576343942725884,0.04222790019028807,0.3065322043910209,0.0645250232723923,0.12788971918353112,0.21306171353550868
303,review alpha dog misses the point,0.0015829127883282565,0.0708506412413316,0.013238084709797485,0.06011166128919065,0.4084970461828894,0.4457196537884626
304,andromeda involved in galactic collision,0.16389232314102858,0.10310277803517073,0.19342692940916478,0.07282960628935542,0.2929685393399875,0.17377982378529283
305,injured marathon winner leaves hospital,0.0050989197998296786,0.0,0.04610731708764641,0.7436439512932981,0.12576770722847955,0.07938210459074631
306,kate is marrying doherty,0.06480917399478237,0.03958024207717442,0.22402501391770108,0.3430139298495487,0.086496679503422,0.24207496065737139
307,baghdad plan is a success iraq prime minister tells bush,0.20348648629553423,0.1440274521209559,0.1969758254097767,0.1169502876475435,0.23119769536737791,0.10736225315881175
308,beckham outlines reasons for move,0.11749938645175695,0.04283712312998531,0.09466749217767677,0.3992558886709474,0.18678802441872558,0.15895208515090792
309,al qaeda chiefs are seen to regain power,0.0964046528982557,0.09059170385731201,0.5332360140089619,0.071519186012341,0.14068949896967883,0.06755894425345066
310,start late retire rich,0.03621798842131259,0.03208649169659678,0.07820569431679812,0.34001989415859235,0.255328402513144,0.25814152889355624
311,autos drive european gains,0.3397940900598454,0.07034996055867905,0.25144269514892437,0.2007774385286207,0.013791604075742193,0.12384421162818833
312,immigrants and french reach deal in standoff,0.11261511399679044,0.03905720018473872,0.03610694567614658,0.42212136592585997,0.09549688177317871,0.2946024924432857